{
  "mean": [
    0.48209430548672877,
    0.30142777739830007,
    0.5287081017669298,
    0.5206218249319742,
    0.5841881787513072,
    0.5308782633879067,
    0.4767050406492005,
    0.40119075431643675
  ],
  "scale": [
    0.0938690563796084,
    0.14823284405125298,
    0.08871593943594779,
    0.08047044330966226,
    0.06504721012813795,
    0.07156958839482934,
    0.09243839069315465,
    0.050161410995698666
  ],
  "var": [
    0.008811399745598102,
    0.021972976055523088,
    0.007870517910002756,
    0.006475492246453568,
    0.0042311395454541325,
    0.005122205983005291,
    0.008544856073940302,
    0.002516167153079399
  ]
}