{
  "mean": [
    0.37339141964912415,
    0.7566478252410889,
    0.9999563694000244,
    0.2156788855791092,
    0.3445134460926056,
    0.13657796382904053,
    0.4156322777271271,
    0.28675585985183716,
    0.22231797873973846,
    0.28675585985183716,
    0.32231321930885315,
    0.3011969029903412,
    0.2656354308128357,
    0.4156060516834259,
    0.4366360604763031
  ],
  "scale": [
    0.15230318903923035,
    0.2351481318473816,
    0.005517707671970129,
    0.10805545002222061,
    0.12989000976085663,
    0.07765638083219528,
    0.10815192013978958,
    0.08759208023548126,
    0.07804108411073685,
    0.08759208023548126,
    0.07804948836565018,
    0.097677081823349,
    0.10814757645130157,
    0.10063792765140533,
    0.07791052758693695
  ]
}