{
  "feature_names": [
    "rms",
    "peak",
    "crest_factor",
    "std",
    "kurtosis",
    "skewness",
    "spectral_centroid",
    "spectral_spread",
    "band_0_100",
    "band_100_200",
    "band_200_500",
    "band_500_1000",
    "band_1000_3000"
  ],
  "n_features": 13,
  "class_names": [
    "normal",
    "unbalance",
    "bearing",
    "misalignment"
  ],
  "n_classes": 4,
  "scaler_mean": [
    1.0702583058567308,
    1.9326734375117034,
    1.8833367206773914,
    1.0702581826588178,
    1.7675711289484788,
    0.00016942022129607049,
    39.85572649565957,
    166.62725108140796,
    0.9962059746532358,
    7.202134181792715e-05,
    0.0002265144916587218,
    0.0003732637737752654,
    0.0015318596363103215
  ],
  "scaler_scale": [
    0.40486815309299834,
    0.5217681495508742,
    0.347711510133099,
    0.4048681816198312,
    0.31211686128509447,
    0.0014423785533957002,
    7.9707978744633605,
    66.84274434461874,
    0.002801399823661537,
    4.8782146576144365e-05,
    0.00016226386953852067,
    0.0002636363847675494,
    0.0011131033560709653
  ]
}