{
  "mean": [
    0.4152881905599497,
    0.40526203755056484,
    0.15075767233793158,
    0.5898419202468358,
    0.32070201470283793
  ],
  "scale": [
    0.1004217397666518,
    0.06345618068804809,
    0.08796463010307759,
    0.10017331127955889,
    0.07018138209978819
  ],
  "var": [
    0.010084525817761134,
    0.004026686867514208,
    0.007737776149171263,
    0.010034692292711402,
    0.004925426393436471
  ]
}