{
  "mean": [
    0.41506416408655544,
    0.4041992058977485,
    0.15160007354958605,
    0.5897219660226256,
    0.32009829867631195
  ],
  "scale": [
    0.09916475168689204,
    0.06102034032634456,
    0.09002039703693088,
    0.09906599578763109,
    0.06896105594725307
  ],
  "var": [
    0.009833647977122958,
    0.003723481933542912,
    0.008103671882686674,
    0.009814071521394942,
    0.004755627237360169
  ]
}