{
  "mean": [
    0.37496639017070477,
    0.4167064645711113,
    0.11039464146186433,
    0.6247545568929875,
    0.29128766613190665,
    0.04256795294829371,
    0.57590985549066,
    0.3635456289822126,
    0.17007194685421007,
    0.5021507400211276,
    0.4989445723921937,
    0.498285831694546,
    0.49895285325645305,
    0.4988025048884618
  ],
  "scale": [
    0.06255216258280842,
    0.02494973430831612,
    0.02485489593424786,
    0.031178824331842343,
    0.01664245823054266,
    0.029628995965809674,
    0.04710268451177947,
    0.025681330767514554,
    0.016053362250497614,
    0.09956918496576049,
    0.09876789018623588,
    0.10002797397533124,
    0.10243208032017768,
    0.10018384862957559
  ]
}