{
  "mean": [
    0.549127097144723,
    0.5477399093210698,
    0.5507448341995478,
    0.5496004118025303,
    0.552003469094634
  ],
  "scale": [
    0.139690220616418,
    0.1439008633535902,
    0.14625914210660015,
    0.1361651525608781,
    0.13462963720192525
  ],
  "var": [
    0.019513357735863535,
    0.020707458473908636,
    0.021391736649758655,
    0.01854094877192721,
    0.01812513921312202
  ]
}