{
  "feature_names": [
    "rms",
    "peak",
    "crest_factor",
    "std",
    "kurtosis",
    "skewness",
    "spectral_centroid",
    "spectral_spread",
    "band_0_100",
    "band_100_200",
    "band_200_500",
    "band_500_1000",
    "band_1000_3000",
    "temperature"
  ],
  "n_features": 14,
  "autoencoder_threshold": 0.7791466079353253,
  "pca_threshold": 0.7148225816035503,
  "scaler_mean": [
    0.7432827865898608,
    1.2845198472823443,
    1.728171734581225,
    0.7432826195391482,
    1.6418531269700483,
    -2.517555636299417e-05,
    38.687690941536964,
    192.4130160825298,
    0.995565195203101,
    9.0231332067662e-05,
    0.0002711525851653342,
    0.0004515037505332382,
    0.0018120453784722906,
    65.0833843539057
  ],
  "scaler_scale": [
    0.00048699209332564913,
    0.017752331048330332,
    0.02390177560977303,
    0.00048699000882202576,
    0.0017783847736756178,
    0.0016453860118380795,
    0.1872951703100776,
    1.848887770361746,
    6.459389862451682e-05,
    8.490769035924309e-06,
    1.5913059611841103e-05,
    1.9306602154180204e-05,
    3.960833068360199e-05,
    2.0139838378505766
  ]
}