{
  "mean": [
    0.190216567957832,
    0.16077194156730912,
    0.2636615733585495,
    0.14462227909141803,
    0.23452638213930185,
    0.265586208057357,
    0.27823220670140775,
    0.3930424262571614
  ],
  "scale": [
    0.11551376779771837,
    0.10148569437048684,
    0.10436337455858222,
    0.09674876929678816,
    0.09867212921002705,
    0.11303681632465919,
    0.11466676597025796,
    0.12987891872407717
  ],
  "var": [
    0.013343430550825198,
    0.010299346161859863,
    0.010891713949254927,
    0.00936032436044314,
    0.009736189082840272,
    0.012777321844814737,
    0.013148467218077909,
    0.016868533528935442
  ]
}