{
  "mean": [
    0.3821920193731785,
    0.5312243667431176,
    1.0,
    0.2623499578563496,
    0.13194181521410428,
    0.3814779203548096,
    0.21295029945787974,
    0.11758758565032622,
    0.2248112437641248,
    0.4615099014807493,
    0.4754779052268714,
    0.532895305706188,
    0.7799530890397728
  ],
  "scale": [
    0.11632148279276087,
    0.15596301627834197,
    1.0,
    0.13081832080152733,
    0.06873370632608024,
    0.11942058139250167,
    0.12773015784836603,
    0.07698809346168625,
    0.06442029055777922,
    0.09310229231254735,
    0.07082791838246225,
    0.054281846602711334,
    0.061179330577377476
  ]
}