{
  "mean": [
    0.501144350249524,
    0.5029783371797566,
    0.5017135341876273,
    0.5027764317487162,
    0.5008580792994654,
    0.5046072134465721,
    0.49594331898411836,
    0.5025256241209863,
    0.5046293194618411,
    0.5031936656407179,
    0.5019765277905935,
    0.4970613728921044,
    0.5044866574363914,
    0.49477796598194984,
    0.49816075400113186,
    0.5045145552446847,
    0.5075653340158714,
    0.506299934391951,
    0.4949621479804628,
    0.4915281650800971,
    0.5054646881793596,
    0.5069288467036167,
    0.4945266958539396,
    0.5017177277836162,
    0.49341466003276585,
    0.4980002830041085,
    0.4959876004005455,
    0.49838960920863246,
    0.5027359800975889,
    0.5056658619399804,
    0.4941887347028096,
    0.4916070664636791,
    0.5013461219041492,
    0.5079545945370446,
    0.5057922861053376,
    0.49271222575029244,
    0.5034254690874836,
    0.5020013255275262,
    0.5009394641668914,
    0.5059271418356802,
    0.50195465480858,
    0.500443235994775,
    0.5052655460966089,
    0.5025209845684385,
    0.49709310255201855,
    0.502292176374448,
    0.49127152273329555,
    0.5009913019321502,
    0.49529805299932195,
    0.5011551058188052,
    0.5016224916246885,
    0.5037014721621599,
    0.50443511651273,
    0.49326418750228024,
    0.5090026204377318,
    0.49544190200871524,
    0.5000764314850867,
    0.49772950811651023,
    0.5003211835909569,
    0.511768741507618,
    0.5009192463487306,
    0.5054437860233957,
    0.5058284543032423,
    0.5049533656244148
  ],
  "scale": [
    0.2871930783952044,
    0.2929211247881982,
    0.29226657928768973,
    0.28800912935617556,
    0.28966971571571526,
    0.2905225487363455,
    0.2901583249186705,
    0.2905459096991257,
    0.28716740791354983,
    0.29077194686186536,
    0.28714927734512874,
    0.2882020213512393,
    0.28828282145896406,
    0.29320029482213145,
    0.2921004953870158,
    0.29008093469211066,
    0.28747864740499196,
    0.2870968911185983,
    0.2889456796720465,
    0.29077417787282966,
    0.28460544551929384,
    0.2870072535855278,
    0.28969525017409475,
    0.28866638945807704,
    0.2915681605679456,
    0.28887641249974894,
    0.2893422579458526,
    0.2877794940159056,
    0.2862043355271965,
    0.2915861075124334,
    0.2896799646342333,
    0.28718821651342896,
    0.28985583535508314,
    0.28936931821191253,
    0.28712562422588855,
    0.2843741154680399,
    0.2891221415232049,
    0.287902134774119,
    0.2906408778510694,
    0.2877577931973907,
    0.28834371309193574,
    0.2877298798456293,
    0.288323708604223,
    0.2920149967711963,
    0.28933954583545646,
    0.28801490005117464,
    0.28630422726173826,
    0.28719007283783393,
    0.29097082419906456,
    0.28841504883248625,
    0.2875170811722498,
    0.28606924415781404,
    0.28917168035963614,
    0.28680779772629655,
    0.28646921539812137,
    0.28800244210051185,
    0.29164056468217564,
    0.28948324706647555,
    0.2901791787713337,
    0.2908621637112676,
    0.286924383870975,
    0.2873549327522192,
    0.28911059868602423,
    0.28954719800744727
  ],
  "var": [
    0.08247986427811402,
    0.08580278534718318,
    0.08541975336852742,
    0.08294925859250225,
    0.0839085442028233,
    0.08440335132426224,
    0.08419185351960876,
    0.08441692564289249,
    0.08246512016778712,
    0.08454832508183945,
    0.08245470747982966,
    0.08306040511094019,
    0.08310698514834096,
    0.0859664128837848,
    0.08532269940534006,
    0.08414694867184858,
    0.08264397271380369,
    0.0824246248899643,
    0.0834896058011409,
    0.08454962251762,
    0.08100025961923575,
    0.08237316361070747,
    0.08392333797343135,
    0.0833282844027622,
    0.08501199225697531,
    0.0834495816987251,
    0.0837189422332043,
    0.08281703717605063,
    0.08191292167456407,
    0.08502245809425238,
    0.08391448191049064,
    0.08247707170416416,
    0.08401640528939305,
    0.0837346023224271,
    0.08244112408710615,
    0.0808686375482301,
    0.08359161271896415,
    0.082887639207495,
    0.08447211987804024,
    0.08280454754583229,
    0.08314209687964456,
    0.08278848375598027,
    0.08313056094329291,
    0.08527275833928177,
    0.08371737278426822,
    0.08295258265148812,
    0.08197011054794107,
    0.08247813793660035,
    0.08466402053508294,
    0.08318324039304544,
    0.08266607196581006,
    0.08183561245302302,
    0.08362026072201556,
    0.08225871283660822,
    0.08206461137081526,
    0.08294540665585867,
    0.08505421896813826,
    0.08380055033215013,
    0.08420395579240565,
    0.08460079827880022,
    0.08232560205973863,
    0.0825728573770324,
    0.08358493827259135,
    0.08383757987396388
  ]
}