{
  "mean": [
    0.47563295683357865,
    0.2911380036745686,
    0.5326120651471138,
    0.5169851826829835,
    0.5866100396215915,
    0.5349672827182803,
    0.47189252224285155,
    0.4013631485332735
  ],
  "scale": [
    0.08804296852161624,
    0.13705237834691,
    0.08155747260504548,
    0.07547678332911513,
    0.061287775413884464,
    0.06627922766996082,
    0.08575519228092539,
    0.05005020157240257
  ]
}