{
  "mean": [
    0.3730412423610687,
    0.756807267665863,
    0.9999358654022217,
    0.21540085971355438,
    0.34419897198677063,
    0.13663031160831451,
    0.41536059975624084,
    0.2865198254585266,
    0.2220999151468277,
    0.2865198254585266,
    0.32210075855255127,
    0.30094093084335327,
    0.26536092162132263,
    0.4153841435909271,
    0.43644192814826965
  ],
  "scale": [
    0.1513824164867401,
    0.2353930026292801,
    0.004746141843497753,
    0.1073833629488945,
    0.12908808887004852,
    0.07763182371854782,
    0.10747026652097702,
    0.08703688532114029,
    0.0775565579533577,
    0.08703688532114029,
    0.07755958288908005,
    0.09705795347690582,
    0.10746894776821136,
    0.10021798312664032,
    0.07741203904151917
  ]
}