{
  "mean": [
    0.41587985343237716,
    0.4049874541486303,
    0.151020272847265,
    0.5902924971481164,
    0.32040519631405673,
    0.415143919441849,
    0.40527713927129905,
    0.15086800905068715,
    0.590030412748456,
    0.32039057957132655
  ],
  "scale": [
    0.10078360784846101,
    0.06159001105545264,
    0.09028380753492973,
    0.09937303617840279,
    0.06874726833447369,
    0.10099156719585449,
    0.062366392753762066,
    0.08893616333653323,
    0.09984359195846162,
    0.06922365451741709
  ],
  "var": [
    0.01015733561095237,
    0.0037933294618107787,
    0.008151165903004234,
    0.00987500031931415,
    0.0047261869034521285,
    0.010199296644674793,
    0.0038895669451165056,
    0.007909641149022519,
    0.009968742855167783,
    0.0047919143447467194
  ]
}