{
  "mean": [
    0.4152534664720297,
    0.4052650150097907,
    0.1502594474456273,
    0.5899130796939135,
    0.320394930947572
  ],
  "scale": [
    0.09974836395533489,
    0.0616062760800778,
    0.08852946122767998,
    0.09996270664747255,
    0.06793950264636822
  ],
  "var": [
    0.009949736111765951,
    0.0037953332524547664,
    0.007837465505263293,
    0.009992542720288652,
    0.004615776019835875
  ]
}