{
  "mean": [
    0.37317314743995667,
    0.7570525407791138,
    0.9999018907546997,
    0.21552777290344238,
    0.34432676434516907,
    0.13658730685710907,
    0.4154749810695648,
    0.2866271734237671,
    0.2222059667110443,
    0.2866271734237671,
    0.32220301032066345,
    0.3010534346103668,
    0.2654780149459839,
    0.4153347313404083,
    0.4364323019981384
  ],
  "scale": [
    0.15177376568317413,
    0.23524221777915955,
    0.00793222151696682,
    0.10760422796010971,
    0.12940186262130737,
    0.07777142524719238,
    0.10771214962005615,
    0.08721602708101273,
    0.07770583033561707,
    0.08721602708101273,
    0.07771207392215729,
    0.09726692736148834,
    0.10770907998085022,
    0.10040677338838577,
    0.07791336625814438
  ]
}